Average_Income,Age_Range,
2190.0,1020,
3337.0405405405404,2030,
2731.234693877551,3040,
2856.4406779661017,4050,
2835.9574468085107,5060,
3032.8125,6070,
2910.0,7080,
